timeStamp,nOrder
2017-12-01 00:00:00,39
2017-12-01 01:00:00,64
2017-12-01 02:00:00,58
2017-12-01 03:00:00,59
2017-12-01 04:00:00,55
2017-12-01 05:00:00,15
2017-12-01 06:00:00,3
2017-12-01 07:00:00,106
2017-12-01 08:00:00,334
2017-12-01 09:00:00,778
2017-12-01 10:00:00,1951
2017-12-01 11:00:00,2976
2017-12-01 12:00:00,4436
2017-12-01 13:00:00,7205
2017-12-01 14:00:00,7715
2017-12-01 15:00:00,7695
2017-12-01 16:00:00,7462
2017-12-01 17:00:00,8500
2017-12-01 18:00:00,8259
2017-12-01 19:00:00,10519
2017-12-01 20:00:00,10981
2017-12-01 21:00:00,8256
2017-12-01 22:00:00,5689
2017-12-01 23:00:00,3081
2017-12-02 00:00:00,1373
2017-12-02 01:00:00,472
2017-12-02 02:00:00,65
2017-12-02 03:00:00,75
2017-12-02 04:00:00,47
2017-12-02 05:00:00,10
2017-12-02 06:00:00,10
2017-12-02 07:00:00,182
2017-12-02 08:00:00,252
2017-12-02 09:00:00,797
2017-12-02 10:00:00,2316
2017-12-02 11:00:00,4343
2017-12-02 12:00:00,6410
2017-12-02 13:00:00,6841
2017-12-02 14:00:00,6733
2017-12-02 15:00:00,6584
2017-12-02 16:00:00,6299
2017-12-02 17:00:00,7272
2017-12-02 18:00:00,8252
2017-12-02 19:00:00,11520
2017-12-02 20:00:00,11906
2017-12-02 21:00:00,9700
2017-12-02 22:00:00,7098
2017-12-02 23:00:00,4210
2017-12-03 00:00:00,1928
2017-12-03 01:00:00,730
2017-12-03 02:00:00,193
2017-12-03 03:00:00,48
2017-12-03 04:00:00,0
2017-12-03 05:00:00,16
2017-12-03 06:00:00,3
2017-12-03 07:00:00,101
2017-12-03 08:00:00,341
2017-12-03 09:00:00,910
2017-12-03 10:00:00,2604
2017-12-03 11:00:00,4458
2017-12-03 12:00:00,6160
2017-12-03 13:00:00,7212
2017-12-03 14:00:00,7160
2017-12-03 15:00:00,6572
2017-12-03 16:00:00,7115
2017-12-03 17:00:00,7900
2017-12-03 18:00:00,7854
2017-12-03 19:00:00,10011
2017-12-03 20:00:00,9253
2017-12-03 21:00:00,6225
2017-12-03 22:00:00,3722
2017-12-03 23:00:00,1758
2017-12-04 00:00:00,585
2017-12-04 01:00:00,187
2017-12-04 02:00:00,35
2017-12-04 03:00:00,30
2017-12-04 04:00:00,1
2017-12-04 05:00:00,4
2017-12-04 06:00:00,12
2017-12-04 07:00:00,147
2017-12-04 08:00:00,243
2017-12-04 09:00:00,599
2017-12-04 10:00:00,1877
2017-12-04 11:00:00,3277
2017-12-04 12:00:00,5227
2017-12-04 13:00:00,4553
2017-12-04 14:00:00,3947
2017-12-04 15:00:00,3727
2017-12-04 16:00:00,3702
2017-12-04 17:00:00,5115
2017-12-04 18:00:00,5844
2017-12-04 19:00:00,7314
2017-12-04 20:00:00,6549
2017-12-04 21:00:00,5427
2017-12-04 22:00:00,3248
2017-12-04 23:00:00,1454
2017-12-05 00:00:00,625
2017-12-05 01:00:00,197
2017-12-05 02:00:00,56
2017-12-05 03:00:00,11
2017-12-05 04:00:00,1
2017-12-05 05:00:00,9
2017-12-05 06:00:00,5
2017-12-05 07:00:00,168
2017-12-05 08:00:00,196
2017-12-05 09:00:00,579
2017-12-05 10:00:00,2039
2017-12-05 11:00:00,3538
2017-12-05 12:00:00,5416
2017-12-05 13:00:00,4480
2017-12-05 14:00:00,4234
2017-12-05 15:00:00,4274
2017-12-05 16:00:00,4654
2017-12-05 17:00:00,5077
2017-12-05 18:00:00,6144
2017-12-05 19:00:00,7788
2017-12-05 20:00:00,7313
2017-12-05 21:00:00,5553
2017-12-05 22:00:00,3705
2017-12-05 23:00:00,1667
2017-12-06 00:00:00,699
2017-12-06 01:00:00,256
2017-12-06 02:00:00,40
2017-12-06 03:00:00,22
2017-12-06 04:00:00,9
2017-12-06 05:00:00,8
2017-12-06 06:00:00,30
2017-12-06 07:00:00,193
2017-12-06 08:00:00,255
2017-12-06 09:00:00,610
2017-12-06 10:00:00,1889
2017-12-06 11:00:00,3588
2017-12-06 12:00:00,5829
2017-12-06 13:00:00,4609
2017-12-06 14:00:00,4342
2017-12-06 15:00:00,4164
2017-12-06 16:00:00,4210
2017-12-06 17:00:00,5526
2017-12-06 18:00:00,6159
2017-12-06 19:00:00,7970
2017-12-06 20:00:00,7392
2017-12-06 21:00:00,6019
2017-12-06 22:00:00,3709
2017-12-06 23:00:00,1965
2017-12-07 00:00:00,765
2017-12-07 01:00:00,271
2017-12-07 02:00:00,58
2017-12-07 03:00:00,14
2017-12-07 04:00:00,15
2017-12-07 05:00:00,10
2017-12-07 06:00:00,16
2017-12-07 07:00:00,240
2017-12-07 08:00:00,334
2017-12-07 09:00:00,686
2017-12-07 10:00:00,1840
2017-12-07 11:00:00,3546
2017-12-07 12:00:00,6040
2017-12-07 13:00:00,4881
2017-12-07 14:00:00,4056
2017-12-07 15:00:00,3875
2017-12-07 16:00:00,4177
2017-12-07 17:00:00,5317
2017-12-07 18:00:00,5879
2017-12-07 19:00:00,7501
2017-12-07 20:00:00,7090
2017-12-07 21:00:00,5611
2017-12-07 22:00:00,3638
2017-12-07 23:00:00,1809
2017-12-08 00:00:00,674
2017-12-08 01:00:00,274
2017-12-08 02:00:00,54
2017-12-08 03:00:00,24
2017-12-08 04:00:00,31
2017-12-08 05:00:00,7
2017-12-08 06:00:00,32
2017-12-08 07:00:00,149
2017-12-08 08:00:00,342
2017-12-08 09:00:00,678
2017-12-08 10:00:00,1930
2017-12-08 11:00:00,3523
2017-12-08 12:00:00,5114
2017-12-08 13:00:00,5080
2017-12-08 14:00:00,4435
2017-12-08 15:00:00,4278
2017-12-08 16:00:00,4392
2017-12-08 17:00:00,5399
2017-12-08 18:00:00,5863
2017-12-08 19:00:00,7873
2017-12-08 20:00:00,8093
2017-12-08 21:00:00,6952
2017-12-08 22:00:00,4495
2017-12-08 23:00:00,2486
2017-12-09 00:00:00,1247
2017-12-09 01:00:00,425
2017-12-09 02:00:00,110
2017-12-09 03:00:00,30
2017-12-09 04:00:00,5
2017-12-09 05:00:00,4
2017-12-09 06:00:00,13
2017-12-09 07:00:00,164
2017-12-09 08:00:00,355
2017-12-09 09:00:00,943
2017-12-09 10:00:00,2644
2017-12-09 11:00:00,4454
2017-12-09 12:00:00,5981
2017-12-09 13:00:00,6492
2017-12-09 14:00:00,6306
2017-12-09 15:00:00,6153
2017-12-09 16:00:00,6248
2017-12-09 17:00:00,6695
2017-12-09 18:00:00,7510
2017-12-09 19:00:00,10425
2017-12-09 20:00:00,11073
2017-12-09 21:00:00,9251
2017-12-09 22:00:00,6649
2017-12-09 23:00:00,4080
2017-12-10 00:00:00,2224
2017-12-10 01:00:00,691
2017-12-10 02:00:00,212
2017-12-10 03:00:00,34
2017-12-10 04:00:00,20
2017-12-10 05:00:00,21
2017-12-10 06:00:00,14
2017-12-10 07:00:00,121
2017-12-10 08:00:00,413
2017-12-10 09:00:00,1009
2017-12-10 10:00:00,2515
2017-12-10 11:00:00,4626
2017-12-10 12:00:00,6385
2017-12-10 13:00:00,7008
2017-12-10 14:00:00,7240
2017-12-10 15:00:00,7199
2017-12-10 16:00:00,7142
2017-12-10 17:00:00,8495
2017-12-10 18:00:00,7873
2017-12-10 19:00:00,9446
2017-12-10 20:00:00,9380
2017-12-10 21:00:00,6336
2017-12-10 22:00:00,3798
2017-12-10 23:00:00,1740
2017-12-11 00:00:00,746
2017-12-11 01:00:00,266
2017-12-11 02:00:00,45
2017-12-11 03:00:00,17
2017-12-11 04:00:00,7
2017-12-11 05:00:00,8
2017-12-11 06:00:00,7
2017-12-11 07:00:00,169
2017-12-11 08:00:00,292
2017-12-11 09:00:00,483
2017-12-11 10:00:00,1564
2017-12-11 11:00:00,3444
2017-12-11 12:00:00,5252
2017-12-11 13:00:00,4579
2017-12-11 14:00:00,3867
2017-12-11 15:00:00,4060
2017-12-11 16:00:00,3969
2017-12-11 17:00:00,4974
2017-12-11 18:00:00,5864
2017-12-11 19:00:00,7722
2017-12-11 20:00:00,7315
2017-12-11 21:00:00,5450
2017-12-11 22:00:00,3612
2017-12-11 23:00:00,1488
2017-12-12 00:00:00,601
2017-12-12 01:00:00,183
2017-12-12 02:00:00,39
2017-12-12 03:00:00,6
2017-12-12 04:00:00,4
2017-12-12 05:00:00,6
2017-12-12 06:00:00,14
2017-12-12 07:00:00,179
2017-12-12 08:00:00,343
2017-12-12 09:00:00,494
2017-12-12 10:00:00,1864
2017-12-12 11:00:00,3548
2017-12-12 12:00:00,5766
2017-12-12 13:00:00,5269
2017-12-12 14:00:00,4138
2017-12-12 15:00:00,4228
2017-12-12 16:00:00,4911
2017-12-12 17:00:00,5231
2017-12-12 18:00:00,5838
2017-12-12 19:00:00,8071
2017-12-12 20:00:00,7327
2017-12-12 21:00:00,5656
2017-12-12 22:00:00,3329
2017-12-12 23:00:00,1501
2017-12-13 00:00:00,751
2017-12-13 01:00:00,241
2017-12-13 02:00:00,68
2017-12-13 03:00:00,12
2017-12-13 04:00:00,6
2017-12-13 05:00:00,1
2017-12-13 06:00:00,19
2017-12-13 07:00:00,225
2017-12-13 08:00:00,293
2017-12-13 09:00:00,522
2017-12-13 10:00:00,1865
2017-12-13 11:00:00,3594
2017-12-13 12:00:00,5912
2017-12-13 13:00:00,4893
2017-12-13 14:00:00,4463
2017-12-13 15:00:00,4219
2017-12-13 16:00:00,4579
2017-12-13 17:00:00,5582
2017-12-13 18:00:00,6049
2017-12-13 19:00:00,8157
2017-12-13 20:00:00,7606
2017-12-13 21:00:00,5747
2017-12-13 22:00:00,3481
2017-12-13 23:00:00,1624
2017-12-14 00:00:00,719
2017-12-14 01:00:00,301
2017-12-14 02:00:00,65
2017-12-14 03:00:00,10
2017-12-14 04:00:00,2
2017-12-14 05:00:00,11
2017-12-14 06:00:00,4
2017-12-14 07:00:00,218
2017-12-14 08:00:00,267
2017-12-14 09:00:00,556
2017-12-14 10:00:00,1890
2017-12-14 11:00:00,3786
2017-12-14 12:00:00,6108
2017-12-14 13:00:00,5183
2017-12-14 14:00:00,4240
2017-12-14 15:00:00,4265
2017-12-14 16:00:00,4305
2017-12-14 17:00:00,5520
2017-12-14 18:00:00,6617
2017-12-14 19:00:00,8132
2017-12-14 20:00:00,8025
2017-12-14 21:00:00,6111
2017-12-14 22:00:00,3782
2017-12-14 23:00:00,1755
2017-12-15 00:00:00,749
2017-12-15 01:00:00,313
2017-12-15 02:00:00,70
2017-12-15 03:00:00,27
2017-12-15 04:00:00,5
2017-12-15 05:00:00,5
2017-12-15 06:00:00,18
2017-12-15 07:00:00,377
2017-12-15 08:00:00,508
2017-12-15 09:00:00,605
2017-12-15 10:00:00,2344
2017-12-15 11:00:00,3976
2017-12-15 12:00:00,5145
2017-12-15 13:00:00,5649
2017-12-15 14:00:00,4690
2017-12-15 15:00:00,4611
2017-12-15 16:00:00,4981
2017-12-15 17:00:00,5845
2017-12-15 18:00:00,6867
2017-12-15 19:00:00,8765
2017-12-15 20:00:00,8928
2017-12-15 21:00:00,6951
2017-12-15 22:00:00,4388
2017-12-15 23:00:00,2600
2017-12-16 00:00:00,1229
2017-12-16 01:00:00,452
2017-12-16 02:00:00,86
2017-12-16 03:00:00,30
2017-12-16 04:00:00,20
2017-12-16 05:00:00,7
2017-12-16 06:00:00,8
2017-12-16 07:00:00,139
2017-12-16 08:00:00,436
2017-12-16 09:00:00,612
2017-12-16 10:00:00,2687
2017-12-16 11:00:00,4235
2017-12-16 12:00:00,6253
2017-12-16 13:00:00,6743
2017-12-16 14:00:00,6967
2017-12-16 15:00:00,6604
2017-12-16 16:00:00,6260
2017-12-16 17:00:00,6937
2017-12-16 18:00:00,7198
2017-12-16 19:00:00,10573
2017-12-16 20:00:00,11072
2017-12-16 21:00:00,9382
2017-12-16 22:00:00,6643
2017-12-16 23:00:00,3693
2017-12-17 00:00:00,1897
2017-12-17 01:00:00,825
2017-12-17 02:00:00,97
2017-12-17 03:00:00,67
2017-12-17 04:00:00,40
2017-12-17 05:00:00,4
2017-12-17 06:00:00,27
2017-12-17 07:00:00,152
2017-12-17 08:00:00,389
2017-12-17 09:00:00,888
2017-12-17 10:00:00,2678
2017-12-17 11:00:00,4599
2017-12-17 12:00:00,6917
2017-12-17 13:00:00,7868
2017-12-17 14:00:00,7732
2017-12-17 15:00:00,7326
2017-12-17 16:00:00,7514
2017-12-17 17:00:00,8297
2017-12-17 18:00:00,8230
2017-12-17 19:00:00,10529
2017-12-17 20:00:00,9829
2017-12-17 21:00:00,6990
2017-12-17 22:00:00,4230
2017-12-17 23:00:00,1800
2017-12-18 00:00:00,851
2017-12-18 01:00:00,335
2017-12-18 02:00:00,58
2017-12-18 03:00:00,29
2017-12-18 04:00:00,0
2017-12-18 05:00:00,7
2017-12-18 06:00:00,12
2017-12-18 07:00:00,136
2017-12-18 08:00:00,228
2017-12-18 09:00:00,501
2017-12-18 10:00:00,1863
2017-12-18 11:00:00,3647
2017-12-18 12:00:00,6242
2017-12-18 13:00:00,5566
2017-12-18 14:00:00,4507
2017-12-18 15:00:00,4404
2017-12-18 16:00:00,4562
2017-12-18 17:00:00,5879
2017-12-18 18:00:00,6433
2017-12-18 19:00:00,7742
2017-12-18 20:00:00,7852
2017-12-18 21:00:00,5766
2017-12-18 22:00:00,3434
2017-12-18 23:00:00,1743
2017-12-19 00:00:00,721
2017-12-19 01:00:00,226
2017-12-19 02:00:00,62
2017-12-19 03:00:00,26
2017-12-19 04:00:00,6
2017-12-19 05:00:00,9
2017-12-19 06:00:00,22
2017-12-19 07:00:00,132
2017-12-19 08:00:00,308
2017-12-19 09:00:00,484
2017-12-19 10:00:00,1682
2017-12-19 11:00:00,3902
2017-12-19 12:00:00,6134
2017-12-19 13:00:00,5463
2017-12-19 14:00:00,5333
2017-12-19 15:00:00,4820
2017-12-19 16:00:00,4807
2017-12-19 17:00:00,5938
2017-12-19 18:00:00,6688
2017-12-19 19:00:00,9163
2017-12-19 20:00:00,8473
2017-12-19 21:00:00,6387
2017-12-19 22:00:00,3968
2017-12-19 23:00:00,1703
2017-12-20 00:00:00,714
2017-12-20 01:00:00,285
2017-12-20 02:00:00,35
2017-12-20 03:00:00,16
2017-12-20 04:00:00,2
2017-12-20 05:00:00,2
2017-12-20 06:00:00,41
2017-12-20 07:00:00,175
2017-12-20 08:00:00,265
2017-12-20 09:00:00,566
2017-12-20 10:00:00,1532
2017-12-20 11:00:00,3265
2017-12-20 12:00:00,6383
2017-12-20 13:00:00,5072
2017-12-20 14:00:00,4740
2017-12-20 15:00:00,4765
2017-12-20 16:00:00,4829
2017-12-20 17:00:00,5724
2017-12-20 18:00:00,6539
2017-12-20 19:00:00,8649
2017-12-20 20:00:00,8463
2017-12-20 21:00:00,6282
2017-12-20 22:00:00,3706
2017-12-20 23:00:00,1840
2017-12-21 00:00:00,767
2017-12-21 01:00:00,242
2017-12-21 02:00:00,30
2017-12-21 03:00:00,17
2017-12-21 04:00:00,7
2017-12-21 05:00:00,10
2017-12-21 06:00:00,24
2017-12-21 07:00:00,214
2017-12-21 08:00:00,183
2017-12-21 09:00:00,550
2017-12-21 10:00:00,1771
2017-12-21 11:00:00,3573
2017-12-21 12:00:00,6176
2017-12-21 13:00:00,5430
2017-12-21 14:00:00,4738
2017-12-21 15:00:00,4864
2017-12-21 16:00:00,4822
2017-12-21 17:00:00,6300
2017-12-21 18:00:00,7043
2017-12-21 19:00:00,8967
2017-12-21 20:00:00,8940
2017-12-21 21:00:00,7107
2017-12-21 22:00:00,4366
2017-12-21 23:00:00,2250
2017-12-22 00:00:00,902
2017-12-22 01:00:00,288
2017-12-22 02:00:00,86
2017-12-22 03:00:00,47
2017-12-22 04:00:00,5
2017-12-22 05:00:00,12
2017-12-22 06:00:00,34
2017-12-22 07:00:00,109
2017-12-22 08:00:00,294
2017-12-22 09:00:00,559
2017-12-22 10:00:00,1767
2017-12-22 11:00:00,3373
2017-12-22 12:00:00,4679
2017-12-22 13:00:00,5852
2017-12-22 14:00:00,5253
2017-12-22 15:00:00,4914
2017-12-22 16:00:00,4927
2017-12-22 17:00:00,6147
2017-12-22 18:00:00,7193
2017-12-22 19:00:00,9500
2017-12-22 20:00:00,10209
2017-12-22 21:00:00,8296
2017-12-22 22:00:00,5442
2017-12-22 23:00:00,3045
2017-12-23 00:00:00,1395
2017-12-23 01:00:00,455
2017-12-23 02:00:00,78
2017-12-23 03:00:00,45
2017-12-23 04:00:00,8
2017-12-23 05:00:00,15
2017-12-23 06:00:00,23
2017-12-23 07:00:00,182
2017-12-23 08:00:00,241
2017-12-23 09:00:00,736
2017-12-23 10:00:00,2097
2017-12-23 11:00:00,3978
2017-12-23 12:00:00,5919
2017-12-23 13:00:00,6462
2017-12-23 14:00:00,6345
2017-12-23 15:00:00,5954
2017-12-23 16:00:00,6322
2017-12-23 17:00:00,7508
2017-12-23 18:00:00,7625
2017-12-23 19:00:00,11113
2017-12-23 20:00:00,12300
2017-12-23 21:00:00,10045
2017-12-23 22:00:00,7627
2017-12-23 23:00:00,4122
2017-12-24 00:00:00,1842
2017-12-24 01:00:00,663
2017-12-24 02:00:00,137
2017-12-24 03:00:00,104
2017-12-24 04:00:00,20
2017-12-24 05:00:00,2
2017-12-24 06:00:00,21
2017-12-24 07:00:00,190
2017-12-24 08:00:00,382
2017-12-24 09:00:00,878
2017-12-24 10:00:00,2233
2017-12-24 11:00:00,4116
2017-12-24 12:00:00,6328
2017-12-24 13:00:00,7346
2017-12-24 14:00:00,7031
2017-12-24 15:00:00,6168
2017-12-24 16:00:00,7196
2017-12-24 17:00:00,8213
2017-12-24 18:00:00,7511
2017-12-24 19:00:00,11722
2017-12-24 20:00:00,12622
2017-12-24 21:00:00,10329
2017-12-24 22:00:00,7179
2017-12-24 23:00:00,4095
2017-12-25 00:00:00,1700
2017-12-25 01:00:00,572
2017-12-25 02:00:00,59
2017-12-25 03:00:00,40
2017-12-25 04:00:00,5
2017-12-25 05:00:00,5
2017-12-25 06:00:00,14
2017-12-25 07:00:00,142
2017-12-25 08:00:00,303
2017-12-25 09:00:00,703
2017-12-25 10:00:00,2204
2017-12-25 11:00:00,4378
2017-12-25 12:00:00,6213
2017-12-25 13:00:00,7589
2017-12-25 14:00:00,7375
2017-12-25 15:00:00,6666
2017-12-25 16:00:00,6606
2017-12-25 17:00:00,8646
2017-12-25 18:00:00,8169
2017-12-25 19:00:00,11837
2017-12-25 20:00:00,12419
2017-12-25 21:00:00,9391
2017-12-25 22:00:00,5383
2017-12-25 23:00:00,2916
2017-12-26 00:00:00,1036
2017-12-26 01:00:00,374
2017-12-26 02:00:00,74
2017-12-26 03:00:00,15
2017-12-26 04:00:00,0
2017-12-26 05:00:00,6
2017-12-26 06:00:00,11
2017-12-26 07:00:00,201
2017-12-26 08:00:00,321
2017-12-26 09:00:00,526
2017-12-26 10:00:00,1828
2017-12-26 11:00:00,4169
2017-12-26 12:00:00,6016
2017-12-26 13:00:00,6640
2017-12-26 14:00:00,6968
2017-12-26 15:00:00,6392
2017-12-26 16:00:00,6418
2017-12-26 17:00:00,7500
2017-12-26 18:00:00,8204
2017-12-26 19:00:00,10672
2017-12-26 20:00:00,10534
2017-12-26 21:00:00,7375
2017-12-26 22:00:00,4596
2017-12-26 23:00:00,1990
2017-12-27 00:00:00,739
2017-12-27 01:00:00,210
2017-12-27 02:00:00,42
2017-12-27 03:00:00,9
2017-12-27 04:00:00,6
2017-12-27 05:00:00,5
2017-12-27 06:00:00,12
2017-12-27 07:00:00,129
2017-12-27 08:00:00,235
2017-12-27 09:00:00,472
2017-12-27 10:00:00,1663
2017-12-27 11:00:00,3206
2017-12-27 12:00:00,6197
2017-12-27 13:00:00,5756
2017-12-27 14:00:00,5324
2017-12-27 15:00:00,4889
2017-12-27 16:00:00,5114
2017-12-27 17:00:00,6358
2017-12-27 18:00:00,7283
2017-12-27 19:00:00,10316
2017-12-27 20:00:00,9528
2017-12-27 21:00:00,7453
2017-12-27 22:00:00,4553
2017-12-27 23:00:00,1885
2017-12-28 00:00:00,814
2017-12-28 01:00:00,276
2017-12-28 02:00:00,76
2017-12-28 03:00:00,17
2017-12-28 04:00:00,8
2017-12-28 05:00:00,13
2017-12-28 06:00:00,51
2017-12-28 07:00:00,181
2017-12-28 08:00:00,236
2017-12-28 09:00:00,472
2017-12-28 10:00:00,1742
2017-12-28 11:00:00,3910
2017-12-28 12:00:00,6677
2017-12-28 13:00:00,6013
2017-12-28 14:00:00,5266
2017-12-28 15:00:00,5747
2017-12-28 16:00:00,5551
2017-12-28 17:00:00,6685
2017-12-28 18:00:00,7379
2017-12-28 19:00:00,10618
2017-12-28 20:00:00,10339
2017-12-28 21:00:00,7778
2017-12-28 22:00:00,4815
2017-12-28 23:00:00,2318
2017-12-29 00:00:00,940
2017-12-29 01:00:00,362
2017-12-29 02:00:00,77
2017-12-29 03:00:00,10
2017-12-29 04:00:00,38
2017-12-29 05:00:00,3
2017-12-29 06:00:00,12
2017-12-29 07:00:00,206
2017-12-29 08:00:00,333
2017-12-29 09:00:00,617
2017-12-29 10:00:00,1604
2017-12-29 11:00:00,3205
2017-12-29 12:00:00,4642
2017-12-29 13:00:00,6542
2017-12-29 14:00:00,5464
2017-12-29 15:00:00,5612
2017-12-29 16:00:00,5282
2017-12-29 17:00:00,7120
2017-12-29 18:00:00,8423
2017-12-29 19:00:00,11060
2017-12-29 20:00:00,11317
2017-12-29 21:00:00,9092
2017-12-29 22:00:00,5990
2017-12-29 23:00:00,3443
2017-12-30 00:00:00,1342
2017-12-30 01:00:00,488
2017-12-30 02:00:00,132
2017-12-30 03:00:00,78
2017-12-30 04:00:00,35
2017-12-30 05:00:00,13
2017-12-30 06:00:00,10
2017-12-30 07:00:00,176
2017-12-30 08:00:00,334
2017-12-30 09:00:00,756
2017-12-30 10:00:00,2059
2017-12-30 11:00:00,4055
2017-12-30 12:00:00,6155
2017-12-30 13:00:00,7195
2017-12-30 14:00:00,7340
2017-12-30 15:00:00,6913
2017-12-30 16:00:00,7076
2017-12-30 17:00:00,7964
2017-12-30 18:00:00,8139
2017-12-30 19:00:00,12183
2017-12-30 20:00:00,13391
2017-12-30 21:00:00,10654
2017-12-30 22:00:00,7859
2017-12-30 23:00:00,4353
2017-12-31 00:00:00,1944
2017-12-31 01:00:00,710
2017-12-31 02:00:00,134
2017-12-31 03:00:00,60
2017-12-31 04:00:00,5
2017-12-31 05:00:00,2
2017-12-31 06:00:00,1
2017-12-31 07:00:00,81
2017-12-31 08:00:00,289
2017-12-31 09:00:00,882
2017-12-31 10:00:00,2282
2017-12-31 11:00:00,4440
2017-12-31 12:00:00,6996
2017-12-31 13:00:00,8003
2017-12-31 14:00:00,6995
2017-12-31 15:00:00,6474
2017-12-31 16:00:00,6613
2017-12-31 17:00:00,7350
2017-12-31 18:00:00,6441
2017-12-31 19:00:00,9884
2017-12-31 20:00:00,11530
2017-12-31 21:00:00,10237
2017-12-31 22:00:00,8736
2017-12-31 23:00:00,5964
2018-01-01 00:00:00,3033
2018-01-01 01:00:00,2496
2018-01-01 02:00:00,667
2018-01-01 03:00:00,141
2018-01-01 04:00:00,66
2018-01-01 05:00:00,9
2018-01-01 06:00:00,4
2018-01-01 07:00:00,72
2018-01-01 08:00:00,219
2018-01-01 09:00:00,744
2018-01-01 10:00:00,2082
2018-01-01 11:00:00,4390
2018-01-01 12:00:00,7470
2018-01-01 13:00:00,8846
2018-01-01 14:00:00,9689
2018-01-01 15:00:00,9158
2018-01-01 16:00:00,8256
2018-01-01 17:00:00,10613
2018-01-01 18:00:00,10096
2018-01-01 19:00:00,13153
2018-01-01 20:00:00,12814
2018-01-01 21:00:00,9505
2018-01-01 22:00:00,6114
2018-01-01 23:00:00,2713
2018-01-02 00:00:00,1170
2018-01-02 01:00:00,371
2018-01-02 02:00:00,55
2018-01-02 03:00:00,7
2018-01-02 04:00:00,6
2018-01-02 05:00:00,8
2018-01-02 06:00:00,17
2018-01-02 07:00:00,199
2018-01-02 08:00:00,214
2018-01-02 09:00:00,498
2018-01-02 10:00:00,1876
2018-01-02 11:00:00,3940
2018-01-02 12:00:00,7394
2018-01-02 13:00:00,6519
2018-01-02 14:00:00,5946
2018-01-02 15:00:00,5769
2018-01-02 16:00:00,5764
2018-01-02 17:00:00,7031
2018-01-02 18:00:00,7640
2018-01-02 19:00:00,10032
2018-01-02 20:00:00,10140
2018-01-02 21:00:00,6999
2018-01-02 22:00:00,4406
2018-01-02 23:00:00,1949
2018-01-03 00:00:00,761
2018-01-03 01:00:00,336
2018-01-03 02:00:00,62
2018-01-03 03:00:00,2
2018-01-03 04:00:00,1
2018-01-03 05:00:00,7
2018-01-03 06:00:00,26
2018-01-03 07:00:00,165
2018-01-03 08:00:00,306
2018-01-03 09:00:00,514
2018-01-03 10:00:00,1794
2018-01-03 11:00:00,3631
2018-01-03 12:00:00,6672
2018-01-03 13:00:00,5849
2018-01-03 14:00:00,4768
2018-01-03 15:00:00,5146
2018-01-03 16:00:00,5514
2018-01-03 17:00:00,6808
2018-01-03 18:00:00,7018
2018-01-03 19:00:00,9896
2018-01-03 20:00:00,9674
2018-01-03 21:00:00,7042
2018-01-03 22:00:00,3839
2018-01-03 23:00:00,1564
2018-01-04 00:00:00,653
2018-01-04 01:00:00,229
2018-01-04 02:00:00,49
2018-01-04 03:00:00,23
2018-01-04 04:00:00,4
2018-01-04 05:00:00,8
2018-01-04 06:00:00,19
2018-01-04 07:00:00,143
2018-01-04 08:00:00,234
2018-01-04 09:00:00,473
2018-01-04 10:00:00,1553
2018-01-04 11:00:00,3682
2018-01-04 12:00:00,6715
2018-01-04 13:00:00,5375
2018-01-04 14:00:00,4789
2018-01-04 15:00:00,4996
2018-01-04 16:00:00,4917
2018-01-04 17:00:00,6519
2018-01-04 18:00:00,7679
2018-01-04 19:00:00,9890
2018-01-04 20:00:00,9409
2018-01-04 21:00:00,6949
2018-01-04 22:00:00,4103
2018-01-04 23:00:00,1916
2018-01-05 00:00:00,726
2018-01-05 01:00:00,279
2018-01-05 02:00:00,53
2018-01-05 03:00:00,28
2018-01-05 04:00:00,10
2018-01-05 05:00:00,2
2018-01-05 06:00:00,13
2018-01-05 07:00:00,149
2018-01-05 08:00:00,399
2018-01-05 09:00:00,487
2018-01-05 10:00:00,1730
2018-01-05 11:00:00,3160
2018-01-05 12:00:00,5365
2018-01-05 13:00:00,6307
2018-01-05 14:00:00,5125
2018-01-05 15:00:00,4980
2018-01-05 16:00:00,5922
2018-01-05 17:00:00,6926
2018-01-05 18:00:00,7971
2018-01-05 19:00:00,10490
2018-01-05 20:00:00,10559
2018-01-05 21:00:00,8107
2018-01-05 22:00:00,4777
2018-01-05 23:00:00,2549
2018-01-06 00:00:00,1179
2018-01-06 01:00:00,473
2018-01-06 02:00:00,139
2018-01-06 03:00:00,75
2018-01-06 04:00:00,8
2018-01-06 05:00:00,0
2018-01-06 06:00:00,24
2018-01-06 07:00:00,236
2018-01-06 08:00:00,361
2018-01-06 09:00:00,666
2018-01-06 10:00:00,2642
2018-01-06 11:00:00,4275
2018-01-06 12:00:00,6722
2018-01-06 13:00:00,7191
2018-01-06 14:00:00,7268
2018-01-06 15:00:00,7307
2018-01-06 16:00:00,7609
2018-01-06 17:00:00,8668
2018-01-06 18:00:00,8585
2018-01-06 19:00:00,12714
2018-01-06 20:00:00,13143
2018-01-06 21:00:00,11502
2018-01-06 22:00:00,7882
2018-01-06 23:00:00,4245
2018-01-07 00:00:00,1875
2018-01-07 01:00:00,678
2018-01-07 02:00:00,170
2018-01-07 03:00:00,40
2018-01-07 04:00:00,6
2018-01-07 05:00:00,2
2018-01-07 06:00:00,10
2018-01-07 07:00:00,146
2018-01-07 08:00:00,365
2018-01-07 09:00:00,847
2018-01-07 10:00:00,2224
2018-01-07 11:00:00,4731
2018-01-07 12:00:00,6844
2018-01-07 13:00:00,8277
2018-01-07 14:00:00,8687
2018-01-07 15:00:00,8415
2018-01-07 16:00:00,8239
2018-01-07 17:00:00,9380
2018-01-07 18:00:00,8529
2018-01-07 19:00:00,11450
2018-01-07 20:00:00,10819
2018-01-07 21:00:00,7054
2018-01-07 22:00:00,3999
2018-01-07 23:00:00,1678
2018-01-08 00:00:00,640
2018-01-08 01:00:00,242
2018-01-08 02:00:00,53
2018-01-08 03:00:00,17
2018-01-08 04:00:00,5
2018-01-08 05:00:00,4
2018-01-08 06:00:00,13
2018-01-08 07:00:00,110
2018-01-08 08:00:00,254
2018-01-08 09:00:00,472
2018-01-08 10:00:00,1393
2018-01-08 11:00:00,2949
2018-01-08 12:00:00,5456
2018-01-08 13:00:00,4412
2018-01-08 14:00:00,4255
2018-01-08 15:00:00,4739
2018-01-08 16:00:00,4828
2018-01-08 17:00:00,5970
2018-01-08 18:00:00,6727
2018-01-08 19:00:00,8098
2018-01-08 20:00:00,8367
2018-01-08 21:00:00,6059
2018-01-08 22:00:00,3244
2018-01-08 23:00:00,1464
2018-01-09 00:00:00,650
2018-01-09 01:00:00,211
2018-01-09 02:00:00,41
2018-01-09 03:00:00,7
2018-01-09 04:00:00,2
2018-01-09 05:00:00,4
2018-01-09 06:00:00,11
2018-01-09 07:00:00,123
2018-01-09 08:00:00,221
2018-01-09 09:00:00,597
2018-01-09 10:00:00,1825
2018-01-09 11:00:00,3502
2018-01-09 12:00:00,5797
2018-01-09 13:00:00,4366
2018-01-09 14:00:00,4296
2018-01-09 15:00:00,4609
2018-01-09 16:00:00,4827
2018-01-09 17:00:00,5895
2018-01-09 18:00:00,6436
2018-01-09 19:00:00,8659
2018-01-09 20:00:00,8632
2018-01-09 21:00:00,6144
2018-01-09 22:00:00,3407
2018-01-09 23:00:00,1369
2018-01-10 00:00:00,619
2018-01-10 01:00:00,216
2018-01-10 02:00:00,49
2018-01-10 03:00:00,11
2018-01-10 04:00:00,3
2018-01-10 05:00:00,2
2018-01-10 06:00:00,9
2018-01-10 07:00:00,140
2018-01-10 08:00:00,266
2018-01-10 09:00:00,522
2018-01-10 10:00:00,1610
2018-01-10 11:00:00,3472
2018-01-10 12:00:00,6072
2018-01-10 13:00:00,4864
2018-01-10 14:00:00,4208
2018-01-10 15:00:00,4510
2018-01-10 16:00:00,4096
2018-01-10 17:00:00,5649
2018-01-10 18:00:00,6299
2018-01-10 19:00:00,8445
2018-01-10 20:00:00,7900
2018-01-10 21:00:00,5945
2018-01-10 22:00:00,3512
2018-01-10 23:00:00,1757
2018-01-11 00:00:00,727
2018-01-11 01:00:00,195
2018-01-11 02:00:00,56
2018-01-11 03:00:00,27
2018-01-11 04:00:00,0
2018-01-11 05:00:00,1
2018-01-11 06:00:00,11
2018-01-11 07:00:00,121
2018-01-11 08:00:00,256
2018-01-11 09:00:00,531
2018-01-11 10:00:00,1380
2018-01-11 11:00:00,3366
2018-01-11 12:00:00,5795
2018-01-11 13:00:00,4721
2018-01-11 14:00:00,4373
2018-01-11 15:00:00,4651
2018-01-11 16:00:00,4600
2018-01-11 17:00:00,5952
2018-01-11 18:00:00,6732
2018-01-11 19:00:00,8497
2018-01-11 20:00:00,7822
2018-01-11 21:00:00,6248
2018-01-11 22:00:00,3621
2018-01-11 23:00:00,1653
2018-01-12 00:00:00,786
2018-01-12 01:00:00,252
2018-01-12 02:00:00,55
2018-01-12 03:00:00,17
2018-01-12 04:00:00,0
2018-01-12 05:00:00,0
2018-01-12 06:00:00,4
2018-01-12 07:00:00,141
2018-01-12 08:00:00,342
2018-01-12 09:00:00,723
2018-01-12 10:00:00,1468
2018-01-12 11:00:00,3154
2018-01-12 12:00:00,4732
2018-01-12 13:00:00,5884
2018-01-12 14:00:00,4848
2018-01-12 15:00:00,4907
2018-01-12 16:00:00,5249
2018-01-12 17:00:00,6014
2018-01-12 18:00:00,7033
2018-01-12 19:00:00,10299
2018-01-12 20:00:00,10948
2018-01-12 21:00:00,7512
2018-01-12 22:00:00,4877
2018-01-12 23:00:00,2724
2018-01-13 00:00:00,1199
2018-01-13 01:00:00,337
2018-01-13 02:00:00,130
2018-01-13 03:00:00,46
2018-01-13 04:00:00,13
2018-01-13 05:00:00,0
2018-01-13 06:00:00,3
2018-01-13 07:00:00,177
2018-01-13 08:00:00,319
2018-01-13 09:00:00,776
2018-01-13 10:00:00,2519
2018-01-13 11:00:00,4268
2018-01-13 12:00:00,6556
2018-01-13 13:00:00,7751
2018-01-13 14:00:00,7326
2018-01-13 15:00:00,6989
2018-01-13 16:00:00,7219
2018-01-13 17:00:00,8741
2018-01-13 18:00:00,8705
2018-01-13 19:00:00,12641
2018-01-13 20:00:00,13440
2018-01-13 21:00:00,10876
2018-01-13 22:00:00,7885
2018-01-13 23:00:00,4283
2018-01-14 00:00:00,1774
2018-01-14 01:00:00,810
2018-01-14 02:00:00,179
2018-01-14 03:00:00,62
2018-01-14 04:00:00,25
2018-01-14 05:00:00,3
2018-01-14 06:00:00,9
2018-01-14 07:00:00,163
2018-01-14 08:00:00,447
2018-01-14 09:00:00,1124
2018-01-14 10:00:00,2701
2018-01-14 11:00:00,5376
2018-01-14 12:00:00,7225
2018-01-14 13:00:00,8498
2018-01-14 14:00:00,8314
2018-01-14 15:00:00,8080
2018-01-14 16:00:00,7994
2018-01-14 17:00:00,9316
2018-01-14 18:00:00,8301
2018-01-14 19:00:00,10721
2018-01-14 20:00:00,10154
2018-01-14 21:00:00,6696
2018-01-14 22:00:00,3809
2018-01-14 23:00:00,1694
2018-01-15 00:00:00,684
2018-01-15 01:00:00,159
2018-01-15 02:00:00,25
2018-01-15 03:00:00,13
2018-01-15 04:00:00,0
2018-01-15 05:00:00,0
2018-01-15 06:00:00,0
2018-01-15 07:00:00,80
2018-01-15 08:00:00,217
2018-01-15 09:00:00,450
2018-01-15 10:00:00,1367
2018-01-15 11:00:00,2742
2018-01-15 12:00:00,4752
2018-01-15 13:00:00,4077
2018-01-15 14:00:00,3862
2018-01-15 15:00:00,4440
2018-01-15 16:00:00,4104
2018-01-15 17:00:00,5375
2018-01-15 18:00:00,6410
2018-01-15 19:00:00,8531
2018-01-15 20:00:00,8060
2018-01-15 21:00:00,5514
2018-01-15 22:00:00,3267
2018-01-15 23:00:00,1427
2018-01-16 00:00:00,583
2018-01-16 01:00:00,225
2018-01-16 02:00:00,46
2018-01-16 03:00:00,9
2018-01-16 04:00:00,14
2018-01-16 05:00:00,6
2018-01-16 06:00:00,11
2018-01-16 07:00:00,142
2018-01-16 08:00:00,300
2018-01-16 09:00:00,449
2018-01-16 10:00:00,1654
2018-01-16 11:00:00,3105
2018-01-16 12:00:00,5713
2018-01-16 13:00:00,4554
2018-01-16 14:00:00,3885
2018-01-16 15:00:00,4079
2018-01-16 16:00:00,4806
2018-01-16 17:00:00,5987
2018-01-16 18:00:00,6289
2018-01-16 19:00:00,8704
2018-01-16 20:00:00,8036
2018-01-16 21:00:00,5673
2018-01-16 22:00:00,3370
2018-01-16 23:00:00,1447
2018-01-17 00:00:00,558
2018-01-17 01:00:00,235
2018-01-17 02:00:00,47
2018-01-17 03:00:00,21
2018-01-17 04:00:00,10
2018-01-17 05:00:00,3
2018-01-17 06:00:00,15
2018-01-17 07:00:00,190
2018-01-17 08:00:00,261
2018-01-17 09:00:00,493
2018-01-17 10:00:00,1728
2018-01-17 11:00:00,3076
2018-01-17 12:00:00,5925
2018-01-17 13:00:00,4719
2018-01-17 14:00:00,4052
2018-01-17 15:00:00,4412
2018-01-17 16:00:00,4422
2018-01-17 17:00:00,5648
2018-01-17 18:00:00,6154
2018-01-17 19:00:00,8207
2018-01-17 20:00:00,8535
2018-01-17 21:00:00,5961
2018-01-17 22:00:00,3423
2018-01-17 23:00:00,1640
2018-01-18 00:00:00,758
2018-01-18 01:00:00,197
2018-01-18 02:00:00,63
2018-01-18 03:00:00,11
2018-01-18 04:00:00,0
2018-01-18 05:00:00,2
2018-01-18 06:00:00,23
2018-01-18 07:00:00,119
2018-01-18 08:00:00,302
2018-01-18 09:00:00,509
2018-01-18 10:00:00,1502
2018-01-18 11:00:00,3075
2018-01-18 12:00:00,4574
2018-01-18 13:00:00,4409
2018-01-18 14:00:00,4140
2018-01-18 15:00:00,4285
2018-01-18 16:00:00,4566
2018-01-18 17:00:00,6003
2018-01-18 18:00:00,6684
2018-01-18 19:00:00,8581
2018-01-18 20:00:00,8139
2018-01-18 21:00:00,5873
2018-01-18 22:00:00,3716
2018-01-18 23:00:00,1693
2018-01-19 00:00:00,706
2018-01-19 01:00:00,193
2018-01-19 02:00:00,83
2018-01-19 03:00:00,16
2018-01-19 04:00:00,5
2018-01-19 05:00:00,1
2018-01-19 06:00:00,11
2018-01-19 07:00:00,174
2018-01-19 08:00:00,274
2018-01-19 09:00:00,567
2018-01-19 10:00:00,1655
2018-01-19 11:00:00,2859
2018-01-19 12:00:00,4911
2018-01-19 13:00:00,5352
2018-01-19 14:00:00,4697
2018-01-19 15:00:00,4544
2018-01-19 16:00:00,4947
2018-01-19 17:00:00,5908
2018-01-19 18:00:00,6970
2018-01-19 19:00:00,8978
2018-01-19 20:00:00,9462
2018-01-19 21:00:00,7706
2018-01-19 22:00:00,4817
2018-01-19 23:00:00,2310
2018-01-20 00:00:00,1088
2018-01-20 01:00:00,474
2018-01-20 02:00:00,138
2018-01-20 03:00:00,31
2018-01-20 04:00:00,5
2018-01-20 05:00:00,13
2018-01-20 06:00:00,15
2018-01-20 07:00:00,185
2018-01-20 08:00:00,388
2018-01-20 09:00:00,820
2018-01-20 10:00:00,2472
2018-01-20 11:00:00,4533
2018-01-20 12:00:00,6183
2018-01-20 13:00:00,7947
2018-01-20 14:00:00,7311
2018-01-20 15:00:00,6888
2018-01-20 16:00:00,6959
2018-01-20 17:00:00,8187
2018-01-20 18:00:00,8698
2018-01-20 19:00:00,13133
2018-01-20 20:00:00,13555
2018-01-20 21:00:00,10503
2018-01-20 22:00:00,7343
2018-01-20 23:00:00,3854
2018-01-21 00:00:00,1858
2018-01-21 01:00:00,600
2018-01-21 02:00:00,142
2018-01-21 03:00:00,47
2018-01-21 04:00:00,2
2018-01-21 05:00:00,30
2018-01-21 06:00:00,6
2018-01-21 07:00:00,131
2018-01-21 08:00:00,334
2018-01-21 09:00:00,1020
2018-01-21 10:00:00,2823
2018-01-21 11:00:00,5324
2018-01-21 12:00:00,7323
2018-01-21 13:00:00,8257
2018-01-21 14:00:00,9204
2018-01-21 15:00:00,8253
2018-01-21 16:00:00,7951
2018-01-21 17:00:00,9106
2018-01-21 18:00:00,8277
2018-01-21 19:00:00,11092
2018-01-21 20:00:00,10327
2018-01-21 21:00:00,6660
2018-01-21 22:00:00,3580
2018-01-21 23:00:00,1547
2018-01-22 00:00:00,629
2018-01-22 01:00:00,258
2018-01-22 02:00:00,61
2018-01-22 03:00:00,11
2018-01-22 04:00:00,0
2018-01-22 05:00:00,1
2018-01-22 06:00:00,9
2018-01-22 07:00:00,142
2018-01-22 08:00:00,208
2018-01-22 09:00:00,486
2018-01-22 10:00:00,1302
2018-01-22 11:00:00,2639
2018-01-22 12:00:00,4725
2018-01-22 13:00:00,3961
2018-01-22 14:00:00,3892
2018-01-22 15:00:00,4112
2018-01-22 16:00:00,4557
2018-01-22 17:00:00,5872
2018-01-22 18:00:00,6228
2018-01-22 19:00:00,8228
2018-01-22 20:00:00,7774
2018-01-22 21:00:00,5271
2018-01-22 22:00:00,2880
2018-01-22 23:00:00,1449
2018-01-23 00:00:00,588
2018-01-23 01:00:00,222
2018-01-23 02:00:00,59
2018-01-23 03:00:00,9
2018-01-23 04:00:00,1
2018-01-23 05:00:00,1
2018-01-23 06:00:00,44
2018-01-23 07:00:00,168
2018-01-23 08:00:00,296
2018-01-23 09:00:00,477
2018-01-23 10:00:00,1639
2018-01-23 11:00:00,3255
2018-01-23 12:00:00,5399
2018-01-23 13:00:00,4230
2018-01-23 14:00:00,4048
2018-01-23 15:00:00,4603
2018-01-23 16:00:00,4453
2018-01-23 17:00:00,5602
2018-01-23 18:00:00,5629
2018-01-23 19:00:00,7913
2018-01-23 20:00:00,7405
2018-01-23 21:00:00,5493
2018-01-23 22:00:00,3039
2018-01-23 23:00:00,1341
2018-01-24 00:00:00,525
2018-01-24 01:00:00,192
2018-01-24 02:00:00,41
2018-01-24 03:00:00,13
2018-01-24 04:00:00,0
2018-01-24 05:00:00,2
2018-01-24 06:00:00,19
2018-01-24 07:00:00,175
2018-01-24 08:00:00,269
2018-01-24 09:00:00,510
2018-01-24 10:00:00,1798
2018-01-24 11:00:00,3349
2018-01-24 12:00:00,5679
2018-01-24 13:00:00,4284
2018-01-24 14:00:00,3988
2018-01-24 15:00:00,4245
2018-01-24 16:00:00,4414
2018-01-24 17:00:00,5459
2018-01-24 18:00:00,6002
2018-01-24 19:00:00,7983
2018-01-24 20:00:00,7520
2018-01-24 21:00:00,5944
2018-01-24 22:00:00,3133
2018-01-24 23:00:00,1343
2018-01-25 00:00:00,711
2018-01-25 01:00:00,251
2018-01-25 02:00:00,69
2018-01-25 03:00:00,8
2018-01-25 04:00:00,38
2018-01-25 05:00:00,10
2018-01-25 06:00:00,15
2018-01-25 07:00:00,133
2018-01-25 08:00:00,285
2018-01-25 09:00:00,484
2018-01-25 10:00:00,1644
2018-01-25 11:00:00,3152
2018-01-25 12:00:00,5789
2018-01-25 13:00:00,4576
2018-01-25 14:00:00,4176
2018-01-25 15:00:00,4265
2018-01-25 16:00:00,4624
2018-01-25 17:00:00,5886
2018-01-25 18:00:00,6974
2018-01-25 19:00:00,9372
2018-01-25 20:00:00,9104
2018-01-25 21:00:00,6444
2018-01-25 22:00:00,4082
2018-01-25 23:00:00,1898
2018-01-26 00:00:00,882
2018-01-26 01:00:00,308
2018-01-26 02:00:00,71
2018-01-26 03:00:00,28
2018-01-26 04:00:00,6
2018-01-26 05:00:00,2
2018-01-26 06:00:00,6
2018-01-26 07:00:00,160
2018-01-26 08:00:00,308
2018-01-26 09:00:00,514
2018-01-26 10:00:00,1626
2018-01-26 11:00:00,3209
2018-01-26 12:00:00,4967
2018-01-26 13:00:00,5408
2018-01-26 14:00:00,4582
2018-01-26 15:00:00,5054
2018-01-26 16:00:00,4825
2018-01-26 17:00:00,6200
2018-01-26 18:00:00,7116
2018-01-26 19:00:00,10015
2018-01-26 20:00:00,10243
2018-01-26 21:00:00,7704
2018-01-26 22:00:00,5306
2018-01-26 23:00:00,2673
2018-01-27 00:00:00,1285
2018-01-27 01:00:00,432
2018-01-27 02:00:00,128
2018-01-27 03:00:00,30
2018-01-27 04:00:00,10
2018-01-27 05:00:00,0
2018-01-27 06:00:00,5
2018-01-27 07:00:00,210
2018-01-27 08:00:00,357
2018-01-27 09:00:00,911
2018-01-27 10:00:00,2455
2018-01-27 11:00:00,4600
2018-01-27 12:00:00,7065
2018-01-27 13:00:00,7366
2018-01-27 14:00:00,8138
2018-01-27 15:00:00,7218
2018-01-27 16:00:00,7572
2018-01-27 17:00:00,8303
2018-01-27 18:00:00,8915
2018-01-27 19:00:00,12979
2018-01-27 20:00:00,14081
2018-01-27 21:00:00,12122
2018-01-27 22:00:00,7915
2018-01-27 23:00:00,4594
2018-01-28 00:00:00,1917
2018-01-28 01:00:00,767
2018-01-28 02:00:00,208
2018-01-28 03:00:00,54
2018-01-28 04:00:00,37
2018-01-28 05:00:00,9
2018-01-28 06:00:00,2
2018-01-28 07:00:00,186
2018-01-28 08:00:00,256
2018-01-28 09:00:00,854
2018-01-28 10:00:00,2917
2018-01-28 11:00:00,5263
2018-01-28 12:00:00,7585
2018-01-28 13:00:00,8621
2018-01-28 14:00:00,8619
2018-01-28 15:00:00,8427
2018-01-28 16:00:00,8310
2018-01-28 17:00:00,8987
2018-01-28 18:00:00,8780
2018-01-28 19:00:00,11084
2018-01-28 20:00:00,10563
2018-01-28 21:00:00,7062
2018-01-28 22:00:00,3913
2018-01-28 23:00:00,1657
2018-01-29 00:00:00,721
2018-01-29 01:00:00,250
2018-01-29 02:00:00,58
2018-01-29 03:00:00,17
2018-01-29 04:00:00,6
2018-01-29 05:00:00,8
2018-01-29 06:00:00,12
2018-01-29 07:00:00,103
2018-01-29 08:00:00,290
2018-01-29 09:00:00,432
2018-01-29 10:00:00,1514
2018-01-29 11:00:00,2727
2018-01-29 12:00:00,5323
2018-01-29 13:00:00,4157
2018-01-29 14:00:00,4339
2018-01-29 15:00:00,4036
2018-01-29 16:00:00,4502
2018-01-29 17:00:00,5868
2018-01-29 18:00:00,6786
2018-01-29 19:00:00,8263
2018-01-29 20:00:00,7928
2018-01-29 21:00:00,5803
2018-01-29 22:00:00,3357
2018-01-29 23:00:00,1542
2018-01-30 00:00:00,768
2018-01-30 01:00:00,236
2018-01-30 02:00:00,49
2018-01-30 03:00:00,13
2018-01-30 04:00:00,11
2018-01-30 05:00:00,4
2018-01-30 06:00:00,20
2018-01-30 07:00:00,155
2018-01-30 08:00:00,215
2018-01-30 09:00:00,523
2018-01-30 10:00:00,1352
2018-01-30 11:00:00,3063
2018-01-30 12:00:00,5767
2018-01-30 13:00:00,4250
2018-01-30 14:00:00,3915
2018-01-30 15:00:00,4158
2018-01-30 16:00:00,4757
2018-01-30 17:00:00,5482
2018-01-30 18:00:00,6441
2018-01-30 19:00:00,8153
2018-01-30 20:00:00,8414
2018-01-30 21:00:00,6011
2018-01-30 22:00:00,3566
2018-01-30 23:00:00,1747
2018-01-31 00:00:00,722
2018-01-31 01:00:00,219
2018-01-31 02:00:00,45
2018-01-31 03:00:00,28
2018-01-31 04:00:00,2
2018-01-31 05:00:00,4
2018-01-31 06:00:00,31
2018-01-31 07:00:00,123
2018-01-31 08:00:00,340
2018-01-31 09:00:00,560
2018-01-31 10:00:00,1630
2018-01-31 11:00:00,3051
2018-01-31 12:00:00,5613
2018-01-31 13:00:00,4344
2018-01-31 14:00:00,4152
2018-01-31 15:00:00,4525
2018-01-31 16:00:00,4565
2018-01-31 17:00:00,5821
2018-01-31 18:00:00,6184
2018-01-31 19:00:00,8193
2018-01-31 20:00:00,8529
2018-01-31 21:00:00,7101
2018-01-31 22:00:00,4286
2018-01-31 23:00:00,2124
